"id","entrance_exam","tutoring_text","exit_exam","tutoring"
1,92.4000015258789,"No tutor",78.0999984741211,0
2,72.8000030517578,"No tutor",58.2000007629395,0
3,53.7000007629395,"Tutor",62,1
4,98.3000030517578,"No tutor",67.5,0
5,69.6999969482422,"Tutor",54.0999984741211,1
6,68.0999984741211,"Tutor",60.0999984741211,1
7,86,"No tutor",73,0
8,85.6999969482422,"No tutor",66.6999969482422,0
9,85.9000015258789,"No tutor",57.7999992370605,0
10,89.5,"No tutor",79.9000015258789,0
11,84.8000030517578,"No tutor",70,0
12,90.5999984741211,"No tutor",74.9000015258789,0
13,88.3000030517578,"No tutor",71.5,0
14,76.6999969482422,"No tutor",57.5999984741211,0
15,57.0999984741211,"Tutor",62.4000015258789,1
16,79.5999984741211,"No tutor",65.4000015258789,0
17,85.1999969482422,"No tutor",69.0999984741211,0
18,89.6999969482422,"No tutor",77.3000030517578,0
19,89,"No tutor",67.5,0
20,75.5,"No tutor",54,0
21,85,"No tutor",58.4000015258789,0
22,84.3000030517578,"No tutor",63.7999992370605,0
23,69.0999984741211,"Tutor",77.5,1
24,87.4000015258789,"No tutor",74.5999984741211,0
25,94.1999969482422,"No tutor",77.3000030517578,0
26,66.5,"Tutor",77.6999969482422,1
27,90.8000030517578,"No tutor",70.0999984741211,0
28,78,"No tutor",53.4000015258789,0
29,90,"No tutor",83.1999969482422,0
30,53.2000007629395,"Tutor",55.2000007629395,1
31,84.8000030517578,"No tutor",68.9000015258789,0
32,87.5999984741211,"No tutor",74.3000030517578,0
33,85.0999984741211,"No tutor",61.0999984741211,0
34,95.3000030517578,"No tutor",71.9000015258789,0
35,92.0999984741211,"No tutor",77.5,0
36,97.8000030517578,"No tutor",79,0
37,93.4000015258789,"No tutor",82,0
38,82.3000030517578,"No tutor",49.7000007629395,0
39,84.6999969482422,"No tutor",68.5,0
40,91.1999969482422,"No tutor",76,0
41,89.1999969482422,"No tutor",72.8000030517578,0
42,82.0999984741211,"No tutor",70.0999984741211,0
43,90.5,"No tutor",79.5,0
44,90.3000030517578,"No tutor",80.0999984741211,0
45,91.5999984741211,"No tutor",61.7999992370605,0
46,92.8000030517578,"No tutor",66.5,0
47,85.4000015258789,"No tutor",64.5,0
48,85.0999984741211,"No tutor",66.4000015258789,0
49,96.3000030517578,"No tutor",80.3000030517578,0
50,86.0999984741211,"No tutor",72.8000030517578,0
51,91.5999984741211,"No tutor",77.8000030517578,0
52,90.6999969482422,"No tutor",71.5999984741211,0
53,80.4000015258789,"No tutor",64,0
54,66.8000030517578,"Tutor",63.4000015258789,1
55,36.9000015258789,"Tutor",49.0999984741211,1
56,88.3000030517578,"No tutor",64.1999969482422,0
57,92,"No tutor",60.0999984741211,0
58,78.4000015258789,"No tutor",54.7000007629395,0
59,87.1999969482422,"No tutor",72.9000015258789,0
60,77.9000015258789,"No tutor",57.5999984741211,0
61,91.8000030517578,"No tutor",67.1999969482422,0
62,71.5999984741211,"No tutor",59.9000015258789,0
63,77.6999969482422,"No tutor",70.1999969482422,0
64,84.5,"No tutor",62.4000015258789,0
65,83.3000030517578,"No tutor",66.0999984741211,0
66,64.9000015258789,"Tutor",70.0999984741211,1
67,80.1999969482422,"No tutor",57.2000007629395,0
68,93.8000030517578,"No tutor",63.4000015258789,0
69,82.6999969482422,"No tutor",58.9000015258789,0
70,80.5999984741211,"No tutor",71.5999984741211,0
71,80.5,"No tutor",57.2999992370605,0
72,93.6999969482422,"No tutor",77.1999969482422,0
73,80.5999984741211,"No tutor",62,0
74,59.9000015258789,"Tutor",63.5,1
75,63.7000007629395,"Tutor",72,1
76,67.0999984741211,"Tutor",69,1
77,83.8000030517578,"No tutor",64.0999984741211,0
78,80.8000030517578,"No tutor",54.2999992370605,0
79,92.3000030517578,"No tutor",72.5,0
80,78.6999969482422,"No tutor",62,0
81,73.1999969482422,"No tutor",70.5,0
82,35.0999984741211,"Tutor",47.2999992370605,1
83,55.9000015258789,"Tutor",61.2999992370605,1
84,85,"No tutor",62.2000007629395,0
85,91.8000030517578,"No tutor",74,0
86,56.7000007629395,"Tutor",48.5,1
87,70,"Tutor",71.0999984741211,1
88,84.8000030517578,"No tutor",66.4000015258789,0
89,76.6999969482422,"No tutor",64.1999969482422,0
90,85.0999984741211,"No tutor",60.4000015258789,0
91,74.9000015258789,"No tutor",68,0
92,89.5999984741211,"No tutor",68.1999969482422,0
93,74.8000030517578,"No tutor",57.5999984741211,0
94,71.1999969482422,"No tutor",69,0
95,78.5999984741211,"No tutor",62.5,0
96,80.9000015258789,"No tutor",69.8000030517578,0
97,86.9000015258789,"No tutor",55.9000015258789,0
98,91.5999984741211,"No tutor",64.9000015258789,0
99,59.9000015258789,"Tutor",75.6999969482422,1
100,77.4000015258789,"No tutor",55.9000015258789,0
101,60.4000015258789,"Tutor",63.5,1
102,92.6999969482422,"No tutor",75.5,0
103,74.8000030517578,"No tutor",65.0999984741211,0
104,64.3000030517578,"Tutor",75.6999969482422,1
105,78.1999969482422,"No tutor",61,0
106,80.8000030517578,"No tutor",75.8000030517578,0
107,88.4000015258789,"No tutor",70.3000030517578,0
108,62.4000015258789,"Tutor",62.5,1
109,76.4000015258789,"No tutor",62.5,0
110,86.6999969482422,"No tutor",61.0999984741211,0
111,94.5999984741211,"No tutor",71.9000015258789,0
112,86.8000030517578,"No tutor",74.5,0
113,73.8000030517578,"No tutor",48.4000015258789,0
114,55.5999984741211,"Tutor",73.0999984741211,1
115,73.1999969482422,"No tutor",69,0
116,92.0999984741211,"No tutor",77.4000015258789,0
117,64.4000015258789,"Tutor",77,1
118,95.5,"No tutor",59.7000007629395,0
119,83.3000030517578,"No tutor",57.7999992370605,0
120,82.5999984741211,"No tutor",54.2999992370605,0
121,97,"No tutor",78,0
122,58.0999984741211,"Tutor",63.4000015258789,1
123,86.5999984741211,"No tutor",59.2000007629395,0
124,82.9000015258789,"No tutor",61.7999992370605,0
125,65.0999984741211,"Tutor",66.3000030517578,1
126,79.5,"No tutor",72.6999969482422,0
127,67.9000015258789,"Tutor",66.5,1
128,70.3000030517578,"No tutor",61.5,0
129,72.8000030517578,"No tutor",66.1999969482422,0
130,68.0999984741211,"Tutor",74.0999984741211,1
131,71.4000015258789,"No tutor",58.7999992370605,0
132,83.5,"No tutor",62.5,0
133,76.0999984741211,"No tutor",54,0
134,75.6999969482422,"No tutor",59.9000015258789,0
135,81.5,"No tutor",62.0999984741211,0
136,91.0999984741211,"No tutor",74.1999969482422,0
137,89.3000030517578,"No tutor",68.8000030517578,0
138,83.6999969482422,"No tutor",61.2999992370605,0
139,89.0999984741211,"No tutor",82.0999984741211,0
140,81.8000030517578,"No tutor",66.5999984741211,0
141,84,"No tutor",66.6999969482422,0
142,80.6999969482422,"No tutor",67.1999969482422,0
143,70.1999969482422,"No tutor",59.7000007629395,0
144,65.4000015258789,"Tutor",79.5999984741211,1
145,35.9000015258789,"Tutor",50.0999984741211,1
146,78.9000015258789,"No tutor",64.4000015258789,0
147,82.6999969482422,"No tutor",70,0
148,77,"No tutor",66.5999984741211,0
149,82.9000015258789,"No tutor",65.5,0
150,96.4000015258789,"No tutor",73.8000030517578,0
151,44.0999984741211,"Tutor",61.5,1
152,89,"No tutor",66.9000015258789,0
153,91.6999969482422,"No tutor",65,0
154,73.5999984741211,"No tutor",54.7999992370605,0
155,78.3000030517578,"No tutor",56,0
156,99.0999984741211,"No tutor",67.8000030517578,0
157,79.4000015258789,"No tutor",67.3000030517578,0
158,70,"Tutor",70.1999969482422,1
159,58.2999992370605,"Tutor",53.2999992370605,1
160,51.2999992370605,"Tutor",55.5999984741211,1
161,85.1999969482422,"No tutor",64.8000030517578,0
162,63.5,"Tutor",55.5999984741211,1
163,80.9000015258789,"No tutor",70,0
164,85.5999984741211,"No tutor",67.5999984741211,0
165,99.3000030517578,"No tutor",76.5999984741211,0
166,88.5,"No tutor",68.1999969482422,0
167,68.5,"Tutor",70.4000015258789,1
168,68.1999969482422,"Tutor",58.4000015258789,1
169,65.5,"Tutor",66.6999969482422,1
170,90.3000030517578,"No tutor",69.5999984741211,0
171,74.9000015258789,"No tutor",67.4000015258789,0
172,97.5,"No tutor",76.9000015258789,0
173,68.5,"Tutor",79.3000030517578,1
174,63.7000007629395,"Tutor",63.5,1
175,74.5,"No tutor",55.0999984741211,0
176,63.5999984741211,"Tutor",63.5,1
177,72.0999984741211,"No tutor",58.4000015258789,0
178,62.2000007629395,"Tutor",64.5,1
179,52.9000015258789,"Tutor",60.9000015258789,1
180,77.1999969482422,"No tutor",49.2000007629395,0
181,91.5999984741211,"No tutor",68.0999984741211,0
182,69.9000015258789,"Tutor",57.7000007629395,1
183,83.8000030517578,"No tutor",63.2000007629395,0
184,41.5999984741211,"Tutor",51.7999992370605,1
185,95.1999969482422,"No tutor",76.5999984741211,0
186,84,"No tutor",67.5,0
187,69.9000015258789,"Tutor",73.5999984741211,1
188,80.1999969482422,"No tutor",62,0
189,86.4000015258789,"No tutor",64.9000015258789,0
190,82.5,"No tutor",60.2000007629395,0
191,65.3000030517578,"Tutor",74.0999984741211,1
192,64.5999984741211,"Tutor",68.4000015258789,1
193,72.5999984741211,"No tutor",47.5,0
194,87,"No tutor",72.0999984741211,0
195,64.1999969482422,"Tutor",69.8000030517578,1
196,87.3000030517578,"No tutor",63.5999984741211,0
197,74.5,"No tutor",66.6999969482422,0
198,82.8000030517578,"No tutor",56.5999984741211,0
199,82.0999984741211,"No tutor",62.5999984741211,0
200,90,"No tutor",69.3000030517578,0
201,75.8000030517578,"No tutor",73.0999984741211,0
202,72,"No tutor",63.5999984741211,0
203,91.3000030517578,"No tutor",53,0
204,81.8000030517578,"No tutor",68.0999984741211,0
205,77.3000030517578,"No tutor",58.2000007629395,0
206,66.0999984741211,"Tutor",78.1999969482422,1
207,76.8000030517578,"No tutor",57.5,0
208,70,"Tutor",57.2999992370605,1
209,91.5,"No tutor",80.6999969482422,0
210,63.4000015258789,"Tutor",59.5,1
211,63.2000007629395,"Tutor",63.9000015258789,1
212,73.3000030517578,"No tutor",64.4000015258789,0
213,45.7000007629395,"Tutor",64.9000015258789,1
214,70.1999969482422,"No tutor",61,0
215,73,"No tutor",69,0
216,73,"No tutor",52,0
217,69.5,"Tutor",70.5999984741211,1
218,54.2999992370605,"Tutor",51.5,1
219,69.1999969482422,"Tutor",69.8000030517578,1
220,64.5,"Tutor",72.5,1
221,91.8000030517578,"No tutor",79.8000030517578,0
222,83.4000015258789,"No tutor",75.8000030517578,0
223,92.5,"No tutor",72.4000015258789,0
224,73.0999984741211,"No tutor",73.5,0
225,70.1999969482422,"No tutor",70.0999984741211,0
226,56.5999984741211,"Tutor",64.6999969482422,1
227,83.0999984741211,"No tutor",52.0999984741211,0
228,75,"No tutor",61.5999984741211,0
229,96.0999984741211,"No tutor",73,0
230,71.5999984741211,"No tutor",59.2000007629395,0
231,87.0999984741211,"No tutor",62.9000015258789,0
232,81.5,"No tutor",77.6999969482422,0
233,70.5999984741211,"No tutor",59.9000015258789,0
234,64.4000015258789,"Tutor",62.0999984741211,1
235,82.5,"No tutor",67.5999984741211,0
236,64.3000030517578,"Tutor",65.3000030517578,1
237,86.9000015258789,"No tutor",60.9000015258789,0
238,61,"Tutor",66.5999984741211,1
239,77.9000015258789,"No tutor",60.2000007629395,0
240,72,"No tutor",71.1999969482422,0
241,68.8000030517578,"Tutor",70.8000030517578,1
242,87.5,"No tutor",64.0999984741211,0
243,60.7999992370605,"Tutor",64.0999984741211,1
244,88.6999969482422,"No tutor",78.4000015258789,0
245,71.9000015258789,"No tutor",61.5,0
246,89.0999984741211,"No tutor",63.7999992370605,0
247,81.5999984741211,"No tutor",70.9000015258789,0
248,94.9000015258789,"No tutor",69.4000015258789,0
249,75.5999984741211,"No tutor",58,0
250,56.4000015258789,"Tutor",54.9000015258789,1
251,74.5999984741211,"No tutor",57.4000015258789,0
252,96.0999984741211,"No tutor",71.0999984741211,0
253,86.5999984741211,"No tutor",78.4000015258789,0
254,92.0999984741211,"No tutor",74.8000030517578,0
255,83.3000030517578,"No tutor",63,0
256,71.3000030517578,"No tutor",67,0
257,72,"No tutor",58.4000015258789,0
258,86.0999984741211,"No tutor",68.8000030517578,0
259,90.1999969482422,"No tutor",59.0999984741211,0
260,80.5999984741211,"No tutor",65.5999984741211,0
261,55.7000007629395,"Tutor",65.8000030517578,1
262,77.4000015258789,"No tutor",65.6999969482422,0
263,86.9000015258789,"No tutor",74.6999969482422,0
264,85.1999969482422,"No tutor",56.2999992370605,0
265,84.4000015258789,"No tutor",65.9000015258789,0
266,62.0999984741211,"Tutor",70.5,1
267,42.2999992370605,"Tutor",52.9000015258789,1
268,69.4000015258789,"Tutor",62.4000015258789,1
269,84.0999984741211,"No tutor",70.1999969482422,0
270,78.4000015258789,"No tutor",66.5,0
271,85,"No tutor",68,0
272,80.1999969482422,"No tutor",77,0
273,85.9000015258789,"No tutor",66.6999969482422,0
274,86.9000015258789,"No tutor",68.0999984741211,0
275,75.3000030517578,"No tutor",64.5999984741211,0
276,77.4000015258789,"No tutor",70.8000030517578,0
277,85.1999969482422,"No tutor",71,0
278,95.0999984741211,"No tutor",71.5,0
279,77.3000030517578,"No tutor",68,0
280,87.6999969482422,"No tutor",73.6999969482422,0
281,53.7000007629395,"Tutor",60.5999984741211,1
282,90.0999984741211,"No tutor",72.1999969482422,0
283,52.5,"Tutor",64.9000015258789,1
284,86.9000015258789,"No tutor",65.0999984741211,0
285,72.5,"No tutor",59.4000015258789,0
286,58.7000007629395,"Tutor",71.8000030517578,1
287,85.3000030517578,"No tutor",76.8000030517578,0
288,67,"Tutor",63.5,1
289,79.1999969482422,"No tutor",70.5999984741211,0
290,91.8000030517578,"No tutor",77.5999984741211,0
291,82,"No tutor",55.2999992370605,0
292,81.1999969482422,"No tutor",65,0
293,88.8000030517578,"No tutor",73.4000015258789,0
294,78.6999969482422,"No tutor",53,0
295,71.6999969482422,"No tutor",52.4000015258789,0
296,57.2000007629395,"Tutor",70.5999984741211,1
297,52,"Tutor",65.4000015258789,1
298,76,"No tutor",60.4000015258789,0
299,51.4000015258789,"Tutor",69.6999969482422,1
300,88.1999969482422,"No tutor",72,0
301,98.3000030517578,"No tutor",74.3000030517578,0
302,84.6999969482422,"No tutor",67.9000015258789,0
303,85.3000030517578,"No tutor",65.9000015258789,0
304,98.1999969482422,"No tutor",72.5999984741211,0
305,66.8000030517578,"Tutor",60.7999992370605,1
306,88.4000015258789,"No tutor",69.5999984741211,0
307,81.3000030517578,"No tutor",71.5999984741211,0
308,95.0999984741211,"No tutor",73.5,0
309,89.4000015258789,"No tutor",71.3000030517578,0
310,79.5999984741211,"No tutor",64.5,0
311,57.7000007629395,"Tutor",50.9000015258789,1
312,28.7999992370605,"Tutor",44.7000007629395,1
313,77.9000015258789,"No tutor",54.2999992370605,0
314,80.1999969482422,"No tutor",49.4000015258789,0
315,85.1999969482422,"No tutor",76.5999984741211,0
316,43.4000015258789,"Tutor",61.7999992370605,1
317,93,"No tutor",75.5999984741211,0
318,72.1999969482422,"No tutor",63.4000015258789,0
319,78.5,"No tutor",67.0999984741211,0
320,86.4000015258789,"No tutor",64.4000015258789,0
321,94.5999984741211,"No tutor",80.8000030517578,0
322,73.5999984741211,"No tutor",65.6999969482422,0
323,78.4000015258789,"No tutor",68.3000030517578,0
324,89,"No tutor",72.3000030517578,0
325,75.5,"No tutor",67.1999969482422,0
326,82.0999984741211,"No tutor",59.5999984741211,0
327,87.3000030517578,"No tutor",66.6999969482422,0
328,68.1999969482422,"Tutor",78.4000015258789,1
329,82.9000015258789,"No tutor",58.5,0
330,96.4000015258789,"No tutor",74.9000015258789,0
331,99,"No tutor",68,0
332,86.0999984741211,"No tutor",64.9000015258789,0
333,60.2000007629395,"Tutor",60,1
334,56.4000015258789,"Tutor",58.2999992370605,1
335,72,"No tutor",64.1999969482422,0
336,94.5999984741211,"No tutor",74.1999969482422,0
337,74.0999984741211,"No tutor",68.5999984741211,0
338,38.4000015258789,"Tutor",44.7999992370605,1
339,99.8000030517578,"No tutor",77,0
340,88.4000015258789,"No tutor",62.2999992370605,0
341,53.0999984741211,"Tutor",63.0999984741211,1
342,67.5999984741211,"Tutor",56.0999984741211,1
343,61.5,"Tutor",58.5999984741211,1
344,69.0999984741211,"Tutor",75.6999969482422,1
345,67.3000030517578,"Tutor",69.0999984741211,1
346,77.5,"No tutor",63.7000007629395,0
347,89.8000030517578,"No tutor",67.6999969482422,0
348,92.5999984741211,"No tutor",75.1999969482422,0
349,77.1999969482422,"No tutor",68.0999984741211,0
350,84.0999984741211,"No tutor",69,0
351,89.5999984741211,"No tutor",60.0999984741211,0
352,70,"Tutor",74.4000015258789,1
353,75.0999984741211,"No tutor",62.0999984741211,0
354,91.6999969482422,"No tutor",76.3000030517578,0
355,85.3000030517578,"No tutor",72.0999984741211,0
356,79,"No tutor",73.3000030517578,0
357,93.9000015258789,"No tutor",65.5,0
358,82.1999969482422,"No tutor",62.7999992370605,0
359,87.5999984741211,"No tutor",74.6999969482422,0
360,97.6999969482422,"No tutor",65.6999969482422,0
361,82.1999969482422,"No tutor",79.5999984741211,0
362,85.5,"No tutor",57.7999992370605,0
363,86.4000015258789,"No tutor",57.5,0
364,66.9000015258789,"Tutor",67.1999969482422,1
365,75.3000030517578,"No tutor",66.5,0
366,92.5999984741211,"No tutor",78.9000015258789,0
367,70.8000030517578,"No tutor",66.5999984741211,0
368,79.5,"No tutor",69.4000015258789,0
369,74.9000015258789,"No tutor",67.1999969482422,0
370,64.5999984741211,"Tutor",58.9000015258789,1
371,75.8000030517578,"No tutor",68.3000030517578,0
372,38.7999992370605,"Tutor",54.7999992370605,1
373,75.8000030517578,"No tutor",62,0
374,92.8000030517578,"No tutor",67.5,0
375,92.5,"No tutor",77.8000030517578,0
376,96.8000030517578,"No tutor",79,0
377,88.6999969482422,"No tutor",72.5,0
378,88,"No tutor",65.5,0
379,86.4000015258789,"No tutor",68.9000015258789,0
380,63,"Tutor",74.1999969482422,1
381,92.9000015258789,"No tutor",72.0999984741211,0
382,77.4000015258789,"No tutor",60.5,0
383,68.5,"Tutor",72,1
384,80,"No tutor",71.3000030517578,0
385,74.8000030517578,"No tutor",69,0
386,90.0999984741211,"No tutor",71.6999969482422,0
387,93,"No tutor",68.6999969482422,0
388,73,"No tutor",53.2000007629395,0
389,83.9000015258789,"No tutor",75.8000030517578,0
390,71.8000030517578,"No tutor",66.5999984741211,0
391,71.0999984741211,"No tutor",72.5999984741211,0
392,45.4000015258789,"Tutor",56.7999992370605,1
393,83.9000015258789,"No tutor",61,0
394,62.0999984741211,"Tutor",64,1
395,86.9000015258789,"No tutor",57.7999992370605,0
396,94.4000015258789,"No tutor",67.4000015258789,0
397,92.4000015258789,"No tutor",75.5,0
398,80.1999969482422,"No tutor",52.4000015258789,0
399,76,"No tutor",59.4000015258789,0
400,88.5999984741211,"No tutor",64.5,0
401,73.6999969482422,"No tutor",68.3000030517578,0
402,63.7000007629395,"Tutor",68.6999969482422,1
403,93.0999984741211,"No tutor",79.8000030517578,0
404,96.9000015258789,"No tutor",74,0
405,92.9000015258789,"No tutor",59.5,0
406,89.5,"No tutor",73.1999969482422,0
407,82.3000030517578,"No tutor",65.5999984741211,0
408,58.9000015258789,"Tutor",57.7999992370605,1
409,72.9000015258789,"No tutor",71.5999984741211,0
410,85.9000015258789,"No tutor",77,0
411,78.4000015258789,"No tutor",70.6999969482422,0
412,85.1999969482422,"No tutor",65.1999969482422,0
413,54.4000015258789,"Tutor",61.5999984741211,1
414,53.2999992370605,"Tutor",50.7999992370605,1
415,92.0999984741211,"No tutor",79.4000015258789,0
416,88,"No tutor",72.3000030517578,0
417,95.6999969482422,"No tutor",63.5,0
418,69.9000015258789,"Tutor",74.5999984741211,1
419,73.5999984741211,"No tutor",63.7000007629395,0
420,89,"No tutor",70.5,0
421,64.3000030517578,"Tutor",66.8000030517578,1
422,94.0999984741211,"No tutor",68.6999969482422,0
423,91.5999984741211,"No tutor",64.9000015258789,0
424,78.5,"No tutor",58.5,0
425,68.0999984741211,"Tutor",62.7999992370605,1
426,62.9000015258789,"Tutor",73,1
427,56.4000015258789,"Tutor",63.4000015258789,1
428,92.5999984741211,"No tutor",82.9000015258789,0
429,63.4000015258789,"Tutor",65,1
430,79.5999984741211,"No tutor",71.8000030517578,0
431,81.5999984741211,"No tutor",76.4000015258789,0
432,94.6999969482422,"No tutor",81.6999969482422,0
433,68.4000015258789,"Tutor",64.6999969482422,1
434,71.1999969482422,"No tutor",58.0999984741211,0
435,78.0999984741211,"No tutor",58.2999992370605,0
436,91.0999984741211,"No tutor",74.5,0
437,89,"No tutor",68.0999984741211,0
438,78,"No tutor",60.5999984741211,0
439,54.9000015258789,"Tutor",63.0999984741211,1
440,83.3000030517578,"No tutor",74.3000030517578,0
441,89.3000030517578,"No tutor",59.9000015258789,0
442,68.3000030517578,"Tutor",61.5999984741211,1
443,69.6999969482422,"Tutor",71.3000030517578,1
444,47.2000007629395,"Tutor",59.5999984741211,1
445,42.4000015258789,"Tutor",58.5,1
446,80.0999984741211,"No tutor",67,0
447,77.8000030517578,"No tutor",64.3000030517578,0
448,87.1999969482422,"No tutor",68.5,0
449,89.0999984741211,"No tutor",67.6999969482422,0
450,83.0999984741211,"No tutor",73.1999969482422,0
451,73.6999969482422,"No tutor",72.8000030517578,0
452,78.1999969482422,"No tutor",66.8000030517578,0
453,74.1999969482422,"No tutor",56.2999992370605,0
454,74.3000030517578,"No tutor",69,0
455,63.2999992370605,"Tutor",66.5,1
456,82,"No tutor",67.3000030517578,0
457,37.2000007629395,"Tutor",64.0999984741211,1
458,69.5,"Tutor",76,1
459,92.3000030517578,"No tutor",62.9000015258789,0
460,82.0999984741211,"No tutor",73.9000015258789,0
461,67.9000015258789,"Tutor",74.4000015258789,1
462,83.9000015258789,"No tutor",72.3000030517578,0
463,71.4000015258789,"No tutor",50,0
464,47.2999992370605,"Tutor",60.0999984741211,1
465,86.9000015258789,"No tutor",63.9000015258789,0
466,78.0999984741211,"No tutor",57.5999984741211,0
467,85.9000015258789,"No tutor",70.8000030517578,0
468,91.6999969482422,"No tutor",78.5999984741211,0
469,96.5,"No tutor",71.9000015258789,0
470,74.3000030517578,"No tutor",64.8000030517578,0
471,65.9000015258789,"Tutor",55.2999992370605,1
472,65.0999984741211,"Tutor",71.4000015258789,1
473,93.8000030517578,"No tutor",74.1999969482422,0
474,91.8000030517578,"No tutor",65.1999969482422,0
475,91.9000015258789,"No tutor",75.8000030517578,0
476,87.4000015258789,"No tutor",68.8000030517578,0
477,74.8000030517578,"No tutor",58.2999992370605,0
478,66.0999984741211,"Tutor",71.0999984741211,1
479,57.2000007629395,"Tutor",71.8000030517578,1
480,65.5999984741211,"Tutor",65.3000030517578,1
481,87.5,"No tutor",70.9000015258789,0
482,91.3000030517578,"No tutor",82.5999984741211,0
483,82.4000015258789,"No tutor",64,0
484,75.9000015258789,"No tutor",61.9000015258789,0
485,63.0999984741211,"Tutor",70.4000015258789,1
486,89.0999984741211,"No tutor",70.9000015258789,0
487,72.5,"No tutor",65.3000030517578,0
488,46.4000015258789,"Tutor",53.5999984741211,1
489,89.5999984741211,"No tutor",79.9000015258789,0
490,81.3000030517578,"No tutor",72.3000030517578,0
491,96.0999984741211,"No tutor",76.4000015258789,0
492,72.5999984741211,"No tutor",48.7000007629395,0
493,86.8000030517578,"No tutor",69.5999984741211,0
494,89.9000015258789,"No tutor",77.0999984741211,0
495,88.4000015258789,"No tutor",55.7000007629395,0
496,69.4000015258789,"Tutor",71.5,1
497,97.8000030517578,"No tutor",69.3000030517578,0
498,84.0999984741211,"No tutor",57.4000015258789,0
499,90.6999969482422,"No tutor",67,0
500,90.1999969482422,"No tutor",58.7999992370605,0
501,68.6999969482422,"Tutor",75,1
502,71.3000030517578,"No tutor",71.9000015258789,0
503,79.5,"No tutor",71.5999984741211,0
504,67.4000015258789,"Tutor",73,1
505,86.4000015258789,"No tutor",66.3000030517578,0
506,97.3000030517578,"No tutor",77.1999969482422,0
507,81.4000015258789,"No tutor",60.9000015258789,0
508,83.3000030517578,"No tutor",63.2000007629395,0
509,75,"No tutor",56.7999992370605,0
510,69.8000030517578,"Tutor",56.9000015258789,1
511,57.9000015258789,"Tutor",73.3000030517578,1
512,77,"No tutor",55.2000007629395,0
513,85.1999969482422,"No tutor",69.5999984741211,0
514,82.4000015258789,"No tutor",71.9000015258789,0
515,60.5999984741211,"Tutor",76.3000030517578,1
516,89.0999984741211,"No tutor",75.5999984741211,0
517,90.1999969482422,"No tutor",72.4000015258789,0
518,72.0999984741211,"No tutor",72.6999969482422,0
519,65.6999969482422,"Tutor",70.5999984741211,1
520,61.5999984741211,"Tutor",61.5999984741211,1
521,77.5999984741211,"No tutor",72.5,0
522,80.6999969482422,"No tutor",65.4000015258789,0
523,53,"Tutor",70.4000015258789,1
524,91.9000015258789,"No tutor",71.4000015258789,0
525,55.7000007629395,"Tutor",55.2000007629395,1
526,86.6999969482422,"No tutor",76.3000030517578,0
527,75.5,"No tutor",54.7000007629395,0
528,68.5999984741211,"Tutor",75.9000015258789,1
529,75.5,"No tutor",67.6999969482422,0
530,85.1999969482422,"No tutor",58.7999992370605,0
531,74.6999969482422,"No tutor",68.1999969482422,0
532,89,"No tutor",76.1999969482422,0
533,87,"No tutor",54.5999984741211,0
534,54.4000015258789,"Tutor",63.9000015258789,1
535,71.4000015258789,"No tutor",44,0
536,89.5999984741211,"No tutor",70.3000030517578,0
537,77.6999969482422,"No tutor",69.6999969482422,0
538,66,"Tutor",72.9000015258789,1
539,89.4000015258789,"No tutor",57.4000015258789,0
540,83.5,"No tutor",62.2999992370605,0
541,56.0999984741211,"Tutor",57.7000007629395,1
542,84.5999984741211,"No tutor",67.4000015258789,0
543,95.5,"No tutor",71.3000030517578,0
544,69.8000030517578,"Tutor",73.5,1
545,94,"No tutor",62.2000007629395,0
546,94.3000030517578,"No tutor",74.5999984741211,0
547,76.5999984741211,"No tutor",58.4000015258789,0
548,76.8000030517578,"No tutor",50.5,0
549,78.3000030517578,"No tutor",64.5,0
550,72.4000015258789,"No tutor",72.1999969482422,0
551,87.1999969482422,"No tutor",73.0999984741211,0
552,75.6999969482422,"No tutor",57.9000015258789,0
553,85.3000030517578,"No tutor",57.2000007629395,0
554,78.9000015258789,"No tutor",62.7999992370605,0
555,91.9000015258789,"No tutor",63.7999992370605,0
556,79.5999984741211,"No tutor",56.7999992370605,0
557,76,"No tutor",54.2000007629395,0
558,87.5,"No tutor",62.5,0
559,77.0999984741211,"No tutor",65,0
560,86.9000015258789,"No tutor",59.7000007629395,0
561,86.9000015258789,"No tutor",72.1999969482422,0
562,81,"No tutor",62.7000007629395,0
563,68.4000015258789,"Tutor",73,1
564,81,"No tutor",61.5999984741211,0
565,74.4000015258789,"No tutor",58.0999984741211,0
566,56.7999992370605,"Tutor",64.1999969482422,1
567,82.1999969482422,"No tutor",65.9000015258789,0
568,79.5,"No tutor",61.2000007629395,0
569,68,"Tutor",76.8000030517578,1
570,92.8000030517578,"No tutor",62.5999984741211,0
571,67.1999969482422,"Tutor",66.4000015258789,1
572,85.5,"No tutor",63.2000007629395,0
573,91.8000030517578,"No tutor",72.1999969482422,0
574,96.0999984741211,"No tutor",84.5,0
575,87.6999969482422,"No tutor",62.5999984741211,0
576,92.0999984741211,"No tutor",73,0
577,92.1999969482422,"No tutor",66,0
578,92.4000015258789,"No tutor",79.0999984741211,0
579,67.1999969482422,"Tutor",56.7999992370605,1
580,89.5,"No tutor",72.5,0
581,86.5,"No tutor",68.6999969482422,0
582,83.9000015258789,"No tutor",70.9000015258789,0
583,74.4000015258789,"No tutor",65.9000015258789,0
584,83.0999984741211,"No tutor",74.4000015258789,0
585,60.5,"Tutor",64.3000030517578,1
586,82.3000030517578,"No tutor",62.2999992370605,0
587,97.8000030517578,"No tutor",75.3000030517578,0
588,79.3000030517578,"No tutor",67.6999969482422,0
589,96.5,"No tutor",69.9000015258789,0
590,57.5999984741211,"Tutor",69,1
591,88,"No tutor",73.3000030517578,0
592,91.5999984741211,"No tutor",78.8000030517578,0
593,86.1999969482422,"No tutor",63.2000007629395,0
594,66.3000030517578,"Tutor",73,1
595,73.1999969482422,"No tutor",52.9000015258789,0
596,90.3000030517578,"No tutor",71.4000015258789,0
597,77.9000015258789,"No tutor",63.9000015258789,0
598,66.6999969482422,"Tutor",73.5,1
599,41.2999992370605,"Tutor",53.4000015258789,1
600,75.5,"No tutor",62.7000007629395,0
601,87.5,"No tutor",80,0
602,82.5,"No tutor",61.2999992370605,0
603,61,"Tutor",78.4000015258789,1
604,57.7999992370605,"Tutor",66.8000030517578,1
605,69.1999969482422,"Tutor",80.0999984741211,1
606,81.0999984741211,"No tutor",63.2000007629395,0
607,92.5999984741211,"No tutor",57.5,0
608,83.3000030517578,"No tutor",62.4000015258789,0
609,85.6999969482422,"No tutor",56.7000007629395,0
610,71.8000030517578,"No tutor",67.6999969482422,0
611,64.0999984741211,"Tutor",61.7999992370605,1
612,92.0999984741211,"No tutor",69.5999984741211,0
613,84.4000015258789,"No tutor",66.3000030517578,0
614,75.3000030517578,"No tutor",53.2000007629395,0
615,83.4000015258789,"No tutor",69.6999969482422,0
616,92.4000015258789,"No tutor",73.9000015258789,0
617,99,"No tutor",78.5999984741211,0
618,78.1999969482422,"No tutor",73.0999984741211,0
619,78.3000030517578,"No tutor",63.5999984741211,0
620,37,"Tutor",53.7999992370605,1
621,97.0999984741211,"No tutor",67.5,0
622,87.0999984741211,"No tutor",70.1999969482422,0
623,59.2000007629395,"Tutor",71.0999984741211,1
624,71.5,"No tutor",61.7000007629395,0
625,75.6999969482422,"No tutor",59.2000007629395,0
626,86.5999984741211,"No tutor",66.0999984741211,0
627,74.1999969482422,"No tutor",53,0
628,81.5,"No tutor",50,0
629,75.8000030517578,"No tutor",47.9000015258789,0
630,86.0999984741211,"No tutor",71.3000030517578,0
631,46.2999992370605,"Tutor",58.7999992370605,1
632,83.3000030517578,"No tutor",69.4000015258789,0
633,82.5,"No tutor",67.8000030517578,0
634,83.0999984741211,"No tutor",62.9000015258789,0
635,82.4000015258789,"No tutor",69.8000030517578,0
636,76.0999984741211,"No tutor",71,0
637,70.6999969482422,"No tutor",62.2000007629395,0
638,64.1999969482422,"Tutor",54.4000015258789,1
639,81.9000015258789,"No tutor",49.7000007629395,0
640,89.9000015258789,"No tutor",73,0
641,94.0999984741211,"No tutor",65.0999984741211,0
642,77.0999984741211,"No tutor",64.5,0
643,76.9000015258789,"No tutor",64.4000015258789,0
644,75.9000015258789,"No tutor",67.8000030517578,0
645,79.4000015258789,"No tutor",74.8000030517578,0
646,76,"No tutor",56.2000007629395,0
647,76.1999969482422,"No tutor",74.1999969482422,0
648,88.0999984741211,"No tutor",71.6999969482422,0
649,70.4000015258789,"No tutor",46.5999984741211,0
650,91.4000015258789,"No tutor",69.9000015258789,0
651,94.3000030517578,"No tutor",70.5999984741211,0
652,79.8000030517578,"No tutor",57.7000007629395,0
653,91.5,"No tutor",62.2999992370605,0
654,66.4000015258789,"Tutor",63,1
655,80.0999984741211,"No tutor",61.7000007629395,0
656,88.1999969482422,"No tutor",56.2000007629395,0
657,79.5999984741211,"No tutor",49.7999992370605,0
658,43.7999992370605,"Tutor",55.0999984741211,1
659,79.5999984741211,"No tutor",66.4000015258789,0
660,82.8000030517578,"No tutor",66.3000030517578,0
661,70.9000015258789,"No tutor",57.5999984741211,0
662,55.2000007629395,"Tutor",67.5,1
663,90.9000015258789,"No tutor",65.0999984741211,0
664,80.6999969482422,"No tutor",74,0
665,53.7999992370605,"Tutor",42.7999992370605,1
666,71.5,"No tutor",59.4000015258789,0
667,80.8000030517578,"No tutor",65.9000015258789,0
668,93.1999969482422,"No tutor",67.0999984741211,0
669,82.0999984741211,"No tutor",69.0999984741211,0
670,80.6999969482422,"No tutor",66.5,0
671,79.0999984741211,"No tutor",64.4000015258789,0
672,37.9000015258789,"Tutor",44.2000007629395,1
673,84.5999984741211,"No tutor",61.5,0
674,95,"No tutor",71.0999984741211,0
675,68.3000030517578,"Tutor",70.5,1
676,79.5999984741211,"No tutor",66.5999984741211,0
677,81,"No tutor",74.5,0
678,65.1999969482422,"Tutor",62.4000015258789,1
679,99.4000015258789,"No tutor",71,0
680,85.8000030517578,"No tutor",75.0999984741211,0
681,80.1999969482422,"No tutor",66.5,0
682,65.9000015258789,"Tutor",56.7000007629395,1
683,81.9000015258789,"No tutor",54.9000015258789,0
684,90.5999984741211,"No tutor",78.5999984741211,0
685,70.9000015258789,"No tutor",53.7000007629395,0
686,77.5,"No tutor",62.7000007629395,0
687,75.9000015258789,"No tutor",59.7999992370605,0
688,51.5999984741211,"Tutor",67,1
689,85.5999984741211,"No tutor",69.4000015258789,0
690,92.6999969482422,"No tutor",83.5,0
691,93,"No tutor",76.8000030517578,0
692,90.8000030517578,"No tutor",72.6999969482422,0
693,93.8000030517578,"No tutor",60.5,0
694,78.5999984741211,"No tutor",71.5999984741211,0
695,79.4000015258789,"No tutor",62.2999992370605,0
696,61.7999992370605,"Tutor",65.1999969482422,1
697,91.5,"No tutor",79.8000030517578,0
698,81.3000030517578,"No tutor",63.4000015258789,0
699,66.6999969482422,"Tutor",54.5,1
700,83.1999969482422,"No tutor",58.5999984741211,0
701,61.5999984741211,"Tutor",56,1
702,63.7999992370605,"Tutor",68.5,1
703,86.6999969482422,"No tutor",60.2000007629395,0
704,88.3000030517578,"No tutor",77.5999984741211,0
705,80.8000030517578,"No tutor",66.6999969482422,0
706,77.6999969482422,"No tutor",63,0
707,78.6999969482422,"No tutor",60.0999984741211,0
708,86,"No tutor",62,0
709,89.9000015258789,"No tutor",73.4000015258789,0
710,91.8000030517578,"No tutor",74.5,0
711,58.2999992370605,"Tutor",66.8000030517578,1
712,90.5,"No tutor",74.4000015258789,0
713,44.2000007629395,"Tutor",58.0999984741211,1
714,80,"No tutor",57.5999984741211,0
715,85.5999984741211,"No tutor",64,0
716,91.3000030517578,"No tutor",73.9000015258789,0
717,78.0999984741211,"No tutor",69.0999984741211,0
718,81.4000015258789,"No tutor",66.5,0
719,75,"No tutor",64.0999984741211,0
720,86.4000015258789,"No tutor",57.5999984741211,0
721,65.3000030517578,"Tutor",80.4000015258789,1
722,63.2999992370605,"Tutor",73.5,1
723,53.9000015258789,"Tutor",56.7999992370605,1
724,74.3000030517578,"No tutor",56.5999984741211,0
725,86,"No tutor",72.6999969482422,0
726,79,"No tutor",66.0999984741211,0
727,95.3000030517578,"No tutor",56.9000015258789,0
728,75.5,"No tutor",70.3000030517578,0
729,84.0999984741211,"No tutor",64.5,0
730,70.1999969482422,"No tutor",51.0999984741211,0
731,82,"No tutor",69.9000015258789,0
732,93.6999969482422,"No tutor",79.5,0
733,77.1999969482422,"No tutor",60.4000015258789,0
734,93.5,"No tutor",68.3000030517578,0
735,58.7000007629395,"Tutor",67.5,1
736,96.4000015258789,"No tutor",79.4000015258789,0
737,80.0999984741211,"No tutor",73.9000015258789,0
738,69.0999984741211,"Tutor",73.9000015258789,1
739,94.6999969482422,"No tutor",83.8000030517578,0
740,89.5,"No tutor",66.6999969482422,0
741,85.1999969482422,"No tutor",75,0
742,74.9000015258789,"No tutor",65.3000030517578,0
743,82.9000015258789,"No tutor",72.0999984741211,0
744,90.9000015258789,"No tutor",67.9000015258789,0
745,70.0999984741211,"No tutor",59,0
746,85.4000015258789,"No tutor",76.0999984741211,0
747,68.0999984741211,"Tutor",67,1
748,85.1999969482422,"No tutor",72.5,0
749,90.1999969482422,"No tutor",64.8000030517578,0
750,79.3000030517578,"No tutor",59.7000007629395,0
751,64.8000030517578,"Tutor",67.6999969482422,1
752,73.4000015258789,"No tutor",67.4000015258789,0
753,78.6999969482422,"No tutor",67.8000030517578,0
754,96.9000015258789,"No tutor",80.5,0
755,78.4000015258789,"No tutor",57.0999984741211,0
756,89.3000030517578,"No tutor",69.3000030517578,0
757,81,"No tutor",62.7999992370605,0
758,73.0999984741211,"No tutor",63.0999984741211,0
759,94.6999969482422,"No tutor",70.5999984741211,0
760,63.2000007629395,"Tutor",64.5,1
761,73.4000015258789,"No tutor",50.0999984741211,0
762,56.4000015258789,"Tutor",61.2000007629395,1
763,85.5999984741211,"No tutor",76.9000015258789,0
764,85,"No tutor",75.5999984741211,0
765,90.5999984741211,"No tutor",77.0999984741211,0
766,83.3000030517578,"No tutor",67.4000015258789,0
767,57.5,"Tutor",64.5999984741211,1
768,57.9000015258789,"Tutor",53.5999984741211,1
769,96.4000015258789,"No tutor",83.6999969482422,0
770,60.5999984741211,"Tutor",72.5,1
771,55,"Tutor",73.4000015258789,1
772,65.5999984741211,"Tutor",63.5999984741211,1
773,89.1999969482422,"No tutor",72.9000015258789,0
774,54.2000007629395,"Tutor",67.9000015258789,1
775,62.9000015258789,"Tutor",73.4000015258789,1
776,64.5,"Tutor",64.9000015258789,1
777,83.5,"No tutor",62.0999984741211,0
778,60,"Tutor",73.5999984741211,1
779,75.9000015258789,"No tutor",54.2000007629395,0
780,78.9000015258789,"No tutor",60.5999984741211,0
781,41.7999992370605,"Tutor",54,1
782,62.2999992370605,"Tutor",64,1
783,84.0999984741211,"No tutor",63.5,0
784,94.5,"No tutor",63.9000015258789,0
785,66.1999969482422,"Tutor",72,1
786,84.4000015258789,"No tutor",66.8000030517578,0
787,58.5999984741211,"Tutor",71.8000030517578,1
788,68.9000015258789,"Tutor",67.0999984741211,1
789,77.4000015258789,"No tutor",73.0999984741211,0
790,79.1999969482422,"No tutor",62.9000015258789,0
791,83.3000030517578,"No tutor",58.2999992370605,0
792,74.3000030517578,"No tutor",75.1999969482422,0
793,91.5999984741211,"No tutor",75.0999984741211,0
794,64.3000030517578,"Tutor",72.6999969482422,1
795,83.6999969482422,"No tutor",76.1999969482422,0
796,88,"No tutor",65.3000030517578,0
797,82.8000030517578,"No tutor",71.5999984741211,0
798,96.0999984741211,"No tutor",60,0
799,83.0999984741211,"No tutor",57.2000007629395,0
800,75.9000015258789,"No tutor",56.2000007629395,0
801,85.5999984741211,"No tutor",64.9000015258789,0
802,83.9000015258789,"No tutor",63.9000015258789,0
803,70.6999969482422,"No tutor",55.0999984741211,0
804,73.8000030517578,"No tutor",59.5,0
805,87.1999969482422,"No tutor",75.9000015258789,0
806,66.6999969482422,"Tutor",69.9000015258789,1
807,74.5999984741211,"No tutor",55.7000007629395,0
808,64,"Tutor",75.5999984741211,1
809,93.3000030517578,"No tutor",70.9000015258789,0
810,80.8000030517578,"No tutor",65.0999984741211,0
811,85.5,"No tutor",71.5,0
812,90.9000015258789,"No tutor",60.4000015258789,0
813,61.9000015258789,"Tutor",69.4000015258789,1
814,68.9000015258789,"Tutor",71.1999969482422,1
815,92.5999984741211,"No tutor",64,0
816,93.8000030517578,"No tutor",77.8000030517578,0
817,95.9000015258789,"No tutor",74.6999969482422,0
818,76,"No tutor",63.5,0
819,91.9000015258789,"No tutor",63.4000015258789,0
820,83.5,"No tutor",53.2000007629395,0
821,83.0999984741211,"No tutor",51.7000007629395,0
822,71.9000015258789,"No tutor",62.7000007629395,0
823,91.6999969482422,"No tutor",62.9000015258789,0
824,79.3000030517578,"No tutor",70.8000030517578,0
825,88,"No tutor",73,0
826,74,"No tutor",69.5999984741211,0
827,89.0999984741211,"No tutor",64.6999969482422,0
828,77.3000030517578,"No tutor",57.5,0
829,65.9000015258789,"Tutor",66.1999969482422,1
830,90.5,"No tutor",75.6999969482422,0
831,81.0999984741211,"No tutor",63.2000007629395,0
832,71.5,"No tutor",68.9000015258789,0
833,79.1999969482422,"No tutor",75.5,0
834,97,"No tutor",77.1999969482422,0
835,62.2999992370605,"Tutor",69.1999969482422,1
836,77.5,"No tutor",70.4000015258789,0
837,79.4000015258789,"No tutor",76.5999984741211,0
838,69.9000015258789,"Tutor",73.0999984741211,1
839,81.1999969482422,"No tutor",61.2000007629395,0
840,90.5,"No tutor",63.5999984741211,0
841,87,"No tutor",54.5,0
842,76.8000030517578,"No tutor",63.0999984741211,0
843,74.5,"No tutor",58.5,0
844,90.4000015258789,"No tutor",71.4000015258789,0
845,84.3000030517578,"No tutor",78.8000030517578,0
846,88.9000015258789,"No tutor",49.0999984741211,0
847,92.6999969482422,"No tutor",66.0999984741211,0
848,87.1999969482422,"No tutor",58.9000015258789,0
849,75.1999969482422,"No tutor",53.5999984741211,0
850,72.6999969482422,"No tutor",54.0999984741211,0
851,66.1999969482422,"Tutor",60.0999984741211,1
852,73.9000015258789,"No tutor",52.7999992370605,0
853,75.0999984741211,"No tutor",67.5,0
854,57.2000007629395,"Tutor",65.5999984741211,1
855,80.4000015258789,"No tutor",64.3000030517578,0
856,73.1999969482422,"No tutor",67.6999969482422,0
857,89.5999984741211,"No tutor",78.5999984741211,0
858,96.3000030517578,"No tutor",72,0
859,81.1999969482422,"No tutor",71.3000030517578,0
860,67.0999984741211,"Tutor",67.8000030517578,1
861,68.5999984741211,"Tutor",68,1
862,62.2000007629395,"Tutor",66.5,1
863,84.4000015258789,"No tutor",61.2000007629395,0
864,92.4000015258789,"No tutor",77.5,0
865,72.3000030517578,"No tutor",60.4000015258789,0
866,94.8000030517578,"No tutor",65.6999969482422,0
867,65.1999969482422,"Tutor",68.9000015258789,1
868,63.5999984741211,"Tutor",72,1
869,57.5999984741211,"Tutor",65.5,1
870,81.3000030517578,"No tutor",52,0
871,87.1999969482422,"No tutor",51.5999984741211,0
872,69.4000015258789,"Tutor",56.5,1
873,39.4000015258789,"Tutor",64.9000015258789,1
874,92.4000015258789,"No tutor",82.5,0
875,84.3000030517578,"No tutor",66.5999984741211,0
876,75.1999969482422,"No tutor",64,0
877,76.6999969482422,"No tutor",73,0
878,84.4000015258789,"No tutor",52.5,0
879,98.3000030517578,"No tutor",72,0
880,82.0999984741211,"No tutor",64.6999969482422,0
881,92.1999969482422,"No tutor",72,0
882,77.1999969482422,"No tutor",67.3000030517578,0
883,89,"No tutor",78.6999969482422,0
884,79.6999969482422,"No tutor",66.4000015258789,0
885,88,"No tutor",76.3000030517578,0
886,83.9000015258789,"No tutor",65.4000015258789,0
887,83.5,"No tutor",60.7999992370605,0
888,46.5999984741211,"Tutor",60.5,1
889,63.2000007629395,"Tutor",53.5999984741211,1
890,81.4000015258789,"No tutor",51,0
891,92.5999984741211,"No tutor",60.5,0
892,54.7000007629395,"Tutor",72.3000030517578,1
893,94.0999984741211,"No tutor",71.4000015258789,0
894,92.1999969482422,"No tutor",69.8000030517578,0
895,88.3000030517578,"No tutor",63.5,0
896,90.3000030517578,"No tutor",79.6999969482422,0
897,89.6999969482422,"No tutor",71.9000015258789,0
898,47.7999992370605,"Tutor",56.0999984741211,1
899,79.5,"No tutor",63.2999992370605,0
900,87.6999969482422,"No tutor",57.2000007629395,0
901,64.3000030517578,"Tutor",58.0999984741211,1
902,74.3000030517578,"No tutor",53.0999984741211,0
903,92.5,"No tutor",58.7000007629395,0
904,85.9000015258789,"No tutor",67.8000030517578,0
905,67.5,"Tutor",67.0999984741211,1
906,60.2000007629395,"Tutor",72,1
907,78,"No tutor",59.7000007629395,0
908,95.9000015258789,"No tutor",71.4000015258789,0
909,87.8000030517578,"No tutor",58.7000007629395,0
910,81.1999969482422,"No tutor",54.7999992370605,0
911,68.4000015258789,"Tutor",77.9000015258789,1
912,76.8000030517578,"No tutor",60.7000007629395,0
913,76.8000030517578,"No tutor",66.9000015258789,0
914,70.5999984741211,"No tutor",61.5999984741211,0
915,82.0999984741211,"No tutor",67.3000030517578,0
916,84.1999969482422,"No tutor",74.8000030517578,0
917,76.0999984741211,"No tutor",55,0
918,88.6999969482422,"No tutor",65.4000015258789,0
919,82.1999969482422,"No tutor",77.1999969482422,0
920,85.5,"No tutor",70.5,0
921,89.4000015258789,"No tutor",71.3000030517578,0
922,57.7000007629395,"Tutor",68.6999969482422,1
923,93,"No tutor",72.9000015258789,0
924,84.6999969482422,"No tutor",58.5,0
925,72.0999984741211,"No tutor",56.2000007629395,0
926,79.5,"No tutor",70.4000015258789,0
927,73.3000030517578,"No tutor",63.2999992370605,0
928,93.3000030517578,"No tutor",72.4000015258789,0
929,84.1999969482422,"No tutor",69.9000015258789,0
930,95.8000030517578,"No tutor",73.9000015258789,0
931,89,"No tutor",71.6999969482422,0
932,51.9000015258789,"Tutor",58.5999984741211,1
933,73.1999969482422,"No tutor",57.0999984741211,0
934,76.3000030517578,"No tutor",67.4000015258789,0
935,90,"No tutor",68.0999984741211,0
936,85.8000030517578,"No tutor",65.5999984741211,0
937,90.6999969482422,"No tutor",67.0999984741211,0
938,76.9000015258789,"No tutor",62,0
939,62.0999984741211,"Tutor",61.5999984741211,1
940,72.3000030517578,"No tutor",66.3000030517578,0
941,86.5,"No tutor",67.8000030517578,0
942,67,"Tutor",74.9000015258789,1
943,70.5999984741211,"No tutor",65.6999969482422,0
944,60.0999984741211,"Tutor",77.6999969482422,1
945,84.3000030517578,"No tutor",56.0999984741211,0
946,92.1999969482422,"No tutor",75.0999984741211,0
947,79.1999969482422,"No tutor",59.5999984741211,0
948,72.3000030517578,"No tutor",63.2000007629395,0
949,78.9000015258789,"No tutor",46.7999992370605,0
950,69.8000030517578,"Tutor",68,1
951,79.0999984741211,"No tutor",63.2000007629395,0
952,81.4000015258789,"No tutor",64.6999969482422,0
953,79.8000030517578,"No tutor",62.0999984741211,0
954,78.0999984741211,"No tutor",65.9000015258789,0
955,75.8000030517578,"No tutor",62.0999984741211,0
956,85.9000015258789,"No tutor",62,0
957,76.4000015258789,"No tutor",59.2000007629395,0
958,87.5,"No tutor",79.1999969482422,0
959,91.5,"No tutor",76.0999984741211,0
960,61.0999984741211,"Tutor",57.5,1
961,64.6999969482422,"Tutor",68.3000030517578,1
962,85.9000015258789,"No tutor",67.4000015258789,0
963,48.2000007629395,"Tutor",54.7999992370605,1
964,80.8000030517578,"No tutor",71.8000030517578,0
965,82.1999969482422,"No tutor",66.5999984741211,0
966,90.1999969482422,"No tutor",75.0999984741211,0
967,78.1999969482422,"No tutor",58.4000015258789,0
968,80,"No tutor",62.2999992370605,0
969,76.5999984741211,"No tutor",72.6999969482422,0
970,69.4000015258789,"Tutor",72.0999984741211,1
971,58.5,"Tutor",68.5999984741211,1
972,71.8000030517578,"No tutor",65.6999969482422,0
973,56.2000007629395,"Tutor",63.0999984741211,1
974,54.2000007629395,"Tutor",73.3000030517578,1
975,83.3000030517578,"No tutor",62.7000007629395,0
976,66.6999969482422,"Tutor",80,1
977,91.6999969482422,"No tutor",77.3000030517578,0
978,90.1999969482422,"No tutor",67.0999984741211,0
979,72.8000030517578,"No tutor",65,0
980,84.3000030517578,"No tutor",67.3000030517578,0
981,95.9000015258789,"No tutor",61.9000015258789,0
982,58.5,"Tutor",52.7000007629395,1
983,89,"No tutor",56.5,0
984,70.5999984741211,"No tutor",64,0
985,70.0999984741211,"No tutor",50.2000007629395,0
986,40.7000007629395,"Tutor",55,1
987,74.3000030517578,"No tutor",59.4000015258789,0
988,64.5,"Tutor",61.5,1
989,83.9000015258789,"No tutor",63.7999992370605,0
990,95.5,"No tutor",69.5999984741211,0
991,75.3000030517578,"No tutor",66,0
992,93.9000015258789,"No tutor",71.0999984741211,0
993,78.8000030517578,"No tutor",71.8000030517578,0
994,76.0999984741211,"No tutor",58.9000015258789,0
995,83.0999984741211,"No tutor",63.0999984741211,0
996,43.7000007629395,"Tutor",65.3000030517578,1
997,39.2000007629395,"Tutor",53.5999984741211,1
998,90.3000030517578,"No tutor",76.6999969482422,0
999,62.2000007629395,"Tutor",69.3000030517578,1
1000,83.5,"No tutor",61.0999984741211,0
